{
  "roc_auc": 0.8393939393939394,
  "accuracy": 0.7927608232789212,
  "f1": 0.5667655786350149
}